Typ;Funktion;Klassifikation Sag (2010);Beleg;Sigle;Ort;Kreis;X;Y
PPw dass;Obliquus;NP;  (PAUSE) ich weiß selbst nicht, an was daß das liegt, ob das am am Obst ;ZW629TRA.HTM;Ladenburg;Mannheim;8.6091666666667;49.471944444444
PPw dass;Obliquus;NP;  am am Obst liegt oder an was daß das liegt. Also wir haben früher in ;ZW629TRA.HTM;Ladenburg;Mannheim;8.6091666666667;49.471944444444
PPwelch dass;Obliquus;Det;  und wo sie hingehörten, an welchen Tagen daß sie sich melden mußten und so weiter. ;ZWA85TRA.HTM;Hintersteinau;Schlüchtern;9.4660833333333;50.416258333333
PPwelch dass;Obliquus;Det;  wir stammen, nicht, und aus welcher Gegend daß wir kommen und das wir eben so ;ZW0B1TRA.HTM;Penkendorf [Panków];Schweidnitz;16.530833;50.898889
PPwelch dass;Obliquus;Det;  je nachdem, durch was für eine Gegend daß wir kommen. Da kommen dann die betreffenden ;ZWS15TRA.HTM;Heek;Ahaus;7.0997222222222;52.116666666667
Extraktion;;;  unseren jungen Jahren, wo hatten wir gewußt, daß es so feines Zeug gibt, wo man ;ZWH64TRA.HTM;Hasborn;St. Wendel;6.979444;49.491944
Extraktion;;;  ausmacht. Das wo dranhängt glaube ich nicht, daß das erfriert. Wenn es herunten liegt, wird ;ZWK14TRA.HTM;Hendungen;Mellrichstadt;10.35;50.4
PPw dass;Obliquus;NP; . Aber da habe ich gewußt, für wen daß ich gekämpft habe, nicht. Und wenn sich ;ZWE68TRA.HTM;Regenstauf;Regensburg;12.127777777778;49.122777777778
komplexe Subjunktion;;;  Schützengilde, genau wie es früher war, wiewohl daß es keine Schützengilde mehr ist sondern ein ;ZW5K2TRA.HTM;Wathlingen;Celle;10.15;52.533333333333
komplexe Subjunktion;;;  sich, genau wie die Stadt auch. Anstatt daß die Weibsleute lange Haare haben und und ;ZW644TRA.HTM;Ichenheim;Lahr;7.8038888888889;48.465277777778
komplexe Subjunktion;;; ) sie geht lieber in die Stadt, wie daß sie hier auf dem Lande daheim schafft. ;ZW6G9TRA.HTM;Münster;Friedberg;8.859167;49.925278
komplexe Subjunktion;;; ! Einer hat dem Andern was eingegossen, bis daß sie bald nicht mehr stehen konnten. Aber ;ZW9A3TRA.HTM;Stukenbrock;Paderborn;8.6561111111111;51.9125
komplexe Subjunktion;;;  eben nichts anderes zu machen als wie, daß ich mich da auch einarbeiten mußte. Nun ;ZW9I8TRA.HTM;Oberholzklau;Siegen;7.9343390463889;50.926261397778
komplexe Subjunktion;;; . und der andere, wie er heim - anstatt daß er heim ist, ist er hinein zum ;ZWB54TRA.HTM;Urspringen;Marktheidenfeld;9.6713888888889;49.901666666667
komplexe Subjunktion;;;  noch mehr streiten als wie früher, obwohl daß sie früher auch mal gestritten haben, obwohl ;ZWC62TRA.HTM;Mittelricht;Neumarkt;11.4;49.25
komplexe Subjunktion;;;  Halm und geht da kaputt, als wie daß wir noch Arbeit (damit) haben. Das war ;ZWH50TRA.HTM;Hilbringen;Merzig;6.6170;49.44116
komplexe Subjunktion;;;"  schon - so was (PAUSE) S1:&nbsp;Bevor daß ihr in Ascheberg in der Schule zuging. ";ZWT75TRA.HTM;Ascheberg;Lüdinghausen;7.623889;51.791667
komplexe Subjunktion;;;  wenn wir dich was lernen lassen. Trotzdem daß ich gern Bauer geblieben wäre. Ja, hab ;ZWY92TRA.HTM;Fechheim;Coburg;11.119444444444;50.273416666667
PPwelch dass;Obliquus;Det;  reibungslos, fragt mich noch, mit welchem Zug daß ich weg will, na, mit dem und ;ZW514TRA.HTM;Nordrach;Wolfach;8.08;48.398055555556
PPw dass;Obliquus;NP; , nicht wahr. Man weiß schon, mit wem daß man umgeht und wenn dann gewöhnlich, wenn ;ZW4K2TRA.HTM;Kallstadt;Neustadt a. d. Weinstraße;8.1758333333333;49.490555555556
unklar;;;  bloß festgestellt, was ein jeder sein - was [daß] ein jeder da ist, wieviel daß - gar ;ZWE54TRA.HTM;Weltenburg;Kelheim;11.819722222222;48.898888888889
unklar;;;Aber lieber tut da der Bauer eine Fuhre Mist aufladen, wie daß er einen Bleistift in die Hand nimmt. ;ZWF65TRA.HTM;Trauchgau;Füssen;10.820555555556;47.629722222222
unklar;;;  die Rinnen, wo das (PAUSE) der Wasserdurchlauf, daß das Wasser nicht über den Weg läuft ;ZWI22TRA.HTM;Graach;Bernkastel;7.0625;49.9350
unklar;;;  damit es dann so schwach ist, wie daß es dann in die Maschine paßt. Also ;ZWK74TRA.HTM;Schönsee;Oberviechtach;12.548333333333;49.510555555556
unklar;;;"  rübergewechselt oder m (PAUSE) wie meinen Sie, daß die - S2:&nbsp;Meinen tut man's ";ZWK78TRA.HTM;Schwarzhofen;Neunburg vorm Wald;12.345833333333;49.379166666667
unklar;;;  paßt, was [=das] der Zylinder paßt, was [= daß] die die Schlagleisten alle in Ordnung sind, ;ZWL04TRA.HTM;Zinzenzell;Bogen;12.578889;49.077222
unklar;;;" die Arbeiter die allesamt beschäftigt sind, was [=daß] jeder seine Arbeit wieder macht; der eine ";ZWL04TRA.HTM;Zinzenzell;Bogen;12.578889;49.077222
unklar;;;  du wieder nach dem Motor nachschauen, was [= daß] sein Betriebseignungsversicherung erhalten ha;ZWL04TRA.HTM;Zinzenzell;Bogen;12.578889;49.077222
unklar;;;  Bauer selbst - immer wieder einmal nach, was [= daß] wirklich alles stimmt. Wenn's nicht stimmt, ;ZWL04TRA.HTM;Zinzenzell;Bogen;12.578889;49.077222
unklar;;;  schaut schon wieder auf die Uhr, was [= daß] natürlich bald Brotzeit kommt, daß er vespern;ZWL04TRA.HTM;Zinzenzell;Bogen;12.578889;49.077222
unklar;;;  Ofen eingesetzt die Steine aufgesetzt, wo das, daß sie gebrannt werden konnten, nicht! Und da ;ZWL75TRA.HTM;Uttum;Norden;7.1563888888889;53.453055555556
unklar;;;  zu machen. Während wir (PAUSE) wie lange, daß ich da (PAUSE) wie ich da war, ;ZWN34TRA.HTM;Emmerstedt;Helmstedt;10.964480555556;52.243969444444
unklar;;;  Seil auf die Eisscholle kommt. Nicht, wie daß das noch mal passiert, wie neunzehnhundertunds;ZWP83TRA.HTM;Alken;St. Goar;7.45;50.248333
unklar;;;  Hosen bis an die Knie, und was daß schlimmste war, gefroren war allen, man konnte;ZWS44TRA.HTM;Raesfeld;Borken;6.8333333333333;51.766666666667
unklar;;;  weiß man auch gar nicht, wie das, daß man so einzel da steht so zu ;ZWV41TRA.HTM;Füchtorf;Warendorf;8.0305555555556;52.048888888889
unklar;;;  müssen wir sehen, so gut wie möglich, daß wir da überall von jedem Stück gute ;ZWV45TRA.HTM;Borgholzhausen;Halle;8.3;52.1
wie X dass;Adverbial;Degree word;  kommt noch drauf an, (PAUSE) wie lang, daß sie bleiben. Wem 's gefällt, der bleibt ;ZWW79TRA.HTM;Rixfeld;Lauterbach;9.3815;50.5789
unklar;;;  soviel Leuten, man muß ja sehen was daß (PAUSE) mit den großen Leuten doch schlechter  ;ZWY33TRA.HTM;Kirchlinteln;Verden;9.3183333333333;52.942777777778
unklar;;;"  Schlüssel haben wir nicht.&quot; Zu was daß da gehört. Dann haben wir's ihnen ";ZWZ29TRA.HTM;Münchenreuth;Hof;11.921667;50.413333
wie dass;Adverbial;AdvP manner;  nicht sagen in der Schmelze, wie wie daß das Hitze haben muß dort, nicht. Und ;ZWZ39TRA.HTM;Kothigenbibersbach;Wunsiedel;12.158611111111;50.081388888889
PPwelch dass;Obliquus;Det; graben werden, also unter welcher Schwierigkeiten daß das gegangen ist, man muß schon sagen, ;ZWK79TRA.HTM;Schwarzhofen;Neunburg vorm Wald;12.345833333333;49.379166666667
warum dass;Adverbial;PP reason; . Und das ist auch ein Grund, warum daß sich die Winzer sich gezwungen gefühlt haben, ;ZW034TRA.HTM;Laufen;Müllheim;7.709167;47.840278
warum dass;Adverbial;PP reason; , was da mit uns los ist, warum daß wir nicht kommen, na ja na sind  ;ZW1E7TRA.HTM;Katzwang;Schwabach;11.0575;49.35
warum dass;Adverbial;PP reason;  aufgeregt, weil ich nicht gewußt habe, warum daß man mich jetzt nicht geholt hat. Nämlich, ;ZW229TRA.HTM;Stuttgart;Stuttgart;9.1827777777778;48.775555555556
warum dass;Adverbial;PP reason;  herab. Jetzt, wollt ich Blödl schauen, warum daß der Karrn nicht mehr läuft, hab' nicht ;ZW3E9TRA.HTM;Leinburg;Nürnberg;11.31;49.451666666667
warum dass;Adverbial;PP reason; . Und da ist's halt losgegangen, warum daß ich weg will, nicht. Habe ich ihm';ZW514TRA.HTM;Nordrach;Wolfach;8.08;48.398055555556
warum dass;Adverbial;PP reason;" , sagt sie: &quot;Weißt jetzt auch, warum daß ich nichts gesagt habe?&quot; Und hat ";ZW514TRA.HTM;Nordrach;Wolfach;8.08;48.398055555556
warum dass;Adverbial;PP reason;  da der Schmiedemeister gefragt, ich hab/ warum daß ich weg will, und da habe ich';ZW514TRA.HTM;Nordrach;Wolfach;8.08;48.398055555556
warum dass;Adverbial;PP reason;"  g/ S3:&nbsp;die haben gewußt, warum, daß sie geschafft haben wie Bruunenputzer. S2:&nbs";ZW578TRA.HTM;Au am Rhein;Karlsruhe;8.2363888888889;48.951388888889
warum dass;Adverbial;PP reason;" ;Ja, der Hauptgrund, warum, der Hauptgrund, warum daß die Kronauer &quot;Mobären&quot; sind. Wo ";ZW616TRA.HTM;Kronau;Bruchsal;8.6338888888889;49.22
warum dass;Adverbial;PP reason; Karpfenschlag, jetzt wundert's mich nimmer, warum daß nichts mehr beißt! Und da habe ich ;ZW643TRA.HTM;Ichenheim;Lahr;7.8038888888889;48.465277777778
warum dass;Adverbial;PP reason;  kann sich ja vielleicht jeder denken, warum daß sie nicht mehr gekommen sind. Nämlich so ;ZW8O5TRA.HTM;Niederbeerbach;Darmstadt;8.676944;49.791111
warum dass;Adverbial;PP reason;  sie ihn einmal gefragt zu Wasserburg, warum daß er nicht mehr zu mir heraus fährt, ;ZWD51TRA.HTM;Albaching;Wasserburg am Inn;12.115277777778;48.1125
warum dass;Adverbial;PP reason;"  er gesagt, &quot;wissen Sie denn, warum daß sie (UNDEUTLICH)? &quot;Sage ich: &quot;Nein.&";ZWF32TRA.HTM;Neukirchen;Kötzing;12.970278;49.259167
warum dass;Adverbial;PP reason;Warum, daß sie nicht mitgehen, das weiß;ZWG06TRA.HTM;Niederhorbach;Bergzabern;8.0341666666667;49.1175
warum dass;Adverbial;PP reason;  meine Mutter da immer erzählt haben, warum daß ich da hinten geboren sein, weil mein ;ZWG52TRA.HTM;Großbockenheim;Frankenthal;8.18146;49.603953
warum dass;Adverbial;PP reason;  ihn einer erlöst und fragt ihn, warum daß er umgehen muß. Aber das hat sich ;ZWJ44TRA.HTM;Distelhausen;Tauberbischoftsheim;9.6944444444444;49.598611111111
warum dass;Adverbial;PP reason;  uns, die selber gar nicht wissen, warum daß das alles kommt. Da muß man halt ;ZWJ83TRA.HTM;Stegaurach;Bamberg;10.843611111111;49.863333333333
warum dass;Adverbial;PP reason;  ein Roß gehabt, und das - warum warum daß wir das gebraucht haben, das weiß ich ;ZWK97TRA.HTM;Untertraubenbach;Cham;12.666118;49.218073
warum dass;Adverbial;PP reason;  befruchtet, das ist ja der Hauptzweck, warum daß man die Immen hält. Man kann ja ;ZWU62TRA.HTM;Bad Sassendorf;Soest;8.1666666666667;51.583055555556
warum dass;Adverbial;PP reason;  heute weg. Ich weiß auch nicht, warum daß das kommt. Wenn das getan ist, und ;ZWW33TRA.HTM;Ohmes;Alsfeld;9.1758333333333;50.769444444444
warum dass;Adverbial;PP reason;  nicht. Da kam der Lageroffizier raus, warum daß wir nicht arbeiten wollen. Ja, wir wollen ;ZWY19TRA.HTM;Tewel;Soltau;9.7059;53.03300
warum dass;Adverbial;PP reason;  wollte ich dadran tun, net? Ja, warum daß nicht haben sie gesagt, warum daß ich ;ZWY85TRA.HTM;Ahlstadt;Coburg;10.856666666667;50.371388888889
warum dass;Adverbial;PP reason; , warum daß nicht haben sie gesagt, warum daß ich das nicht gemeldet hätte? Und da ;ZWY85TRA.HTM;Ahlstadt;Coburg;10.856666666667;50.371388888889
was für X dass;Prädikativ;Det;  Du willst, und was für eine Botschaft daß das ist. Ja, ja, das, wenn ich ;ZW2P7TRA.HTM;Scharrel;Cloppenburg;7.705278;53.081944
was für X dass;Prädikativ;Det;  was es ist, was für eine Qualität daß es ist, gelt. Und da haben wir ;ZW969TRA.HTM;Frasdorf;Rosenheim;12.283333333333;47.8
was für X dass;Objekt;Det;  Feld, je nachdem, was für eine Arbeit daß man schafft. Ha na, wenn die - auf ;ZWG22TRA.HTM;Jockgrim;Germersheim;8.2783333333333;4.90950
was für X dass;Objekt;Det;  geblieben, je nachdem, was für eine Arbeit, daß man hat so auf dem Feld. Und ;ZWG22TRA.HTM;Jockgrim;Germersheim;8.2783333333333;4.90950
was für X dass;Prädikativ;Det;"  ist mir egal, was für ein Wetter daß ist. S2:&nbsp;Ha, das ist bei ";ZWG22TRA.HTM;Jockgrim;Germersheim;8.2783333333333;4.90950
was für X dass;Prädikativ;Det;  Fäßchen, je nachdem was für ein Geschäft daß es ist - wenn er einen Dämpfkessel hat, ;ZWJ45TRA.HTM;Distelhausen;Tauberbischoftsheim;9.6944444444444;49.598611111111
was für X dass;Objekt;Det;  und ich weiß nicht, was für Instrumente, daß es noch gab, wurden dann gebleicht und ;ZWQ71TRA.HTM;Karken;Selfkantkreis Geilenkirchen-Heinsberg;6.0738888888889;51.103333333333
was für X dass;Objekt;Det;  darauf an (zusammen), was für eine Musik daß wir haben. Überall gefällt es uns gerade ;ZWZ92TRA.HTM;Rothmannsthal;Lichtenfels;11.141676;50.051566
unklar;;;  kommt drauf an, was für Getreides (UNDEUTLICH) daß man - . So wie heuer, haben wir im ;ZWZ97TRA.HTM;Tiefenpölz;Bamberg;11.111111111111;49.888888888889
welch dass;Subjekt;NP;  und wollen mal gucken miteinander, welche welche daß miteinander in die Kirche kommen, und welche ;ZW551TRA.HTM;Gamshurst;Bühl;8.0188888888889;48.664722222222
welch dass;Subjekt;NP;  miteinander in die Kirche kommen, und welche daß immer zu spät kommen. Es sind immer ;ZW551TRA.HTM;Gamshurst;Bühl;8.0188888888889;48.664722222222
welch dass;Subjekt;NP;  wollen wir jetzt auch mal sehen, welcher daß da am längsten Dienst machen tut, ne. ;ZW566TRA.HTM;Halberstung;Bühl;8.1669444444444;48.761944444444
welch X dass;Subjekt;Det;  Jahrgang, ich weiß gar nicht, welcher Jahrgang daß es gewesen ist, weißt du's nimmer? ;ZW038TRA.HTM;Neuenburg;Müllheim;7.561944;47.814722
welch X dass;Subjekt;Det; , wo das nicht sieht, der, welcher Acker daß mit dem Grundstü/ mit einem Pferd oder ;ZW549TRA.HTM;Gamshurst;Bühl;8.0188888888889;48.664722222222
welch X dass;Subjekt;Det;  doch diesen Leuten sagen können, welches Obst daß reif ist, welches sie heruntermachen sollen, u;ZW621TRA.HTM;Kronau;Bruchsal;8.6338888888889;49.22
welch X dass;Objekt;Det;  zu wählen sind vier Gemeinderäte - welche Listen daß die meisten Wähler auf sich vereinigen können.;ZWJ41TRA.HTM;Distelhausen;Tauberbischoftsheim;9.6944444444444;49.598611111111
welch X dass;Objekt;Det; , wo das Gespann hingehören tat, welchen Bauer, daß die gehören taten. Und dann ee bin ;ZWY48TRA.HTM;Wense;Fallingbostel;10.365913;52.359877
welch dass;Subjekt;NP;  wollen wir jetzt auch mal sehen, welcher daß da am längsten Dienst machen tut, ne. ;ZW6O6TRA.HTM;Bofsheim [Osterburken];Buchen;9.426111;49.430833
wie dass;Adverbial;AdvP manner;" 1:&nbsp;Mach würde aber mal interessieren, wie daß nun die Arbeit so im Kleinen vor ";ZW0H8TRA.HTM;Weitershausen [Gladenbach];Marburg;8.629167;50.809722
wie X dass;Prädikativ;Degree word;  mehr, nicht wahr, je nachdem, wie groß daß da grad die Haushalte ist, bringen sie ;ZW046TRA.HTM;Horben;Freiburg i. Br.;7.8588888888889;47.93500
wie X dass;Adverbial;Degree word;  machen, da sehen sie mal wie weit daß sie kommen, wo sie ernten. Da geht';ZW1P3TRA.HTM;Heppenheim;Bergstraße;8.64500;49.641527777778
wie X dass;Prädikativ;Degree word;  Jahre hier, und wer weiß, wie lang daß wir noch sind. Wir haben ja immer ;ZW2F9TRA.HTM;Hollingstedt;Schleswig;9.333333;54.45
wie X dass;Adverbial;Degree word;  fällt ein. Wenn Ihr sähet, wie tief daß Ihr drinsitzt, dann bliebt Ihr von selbst ;ZW3B2TRA.HTM;Menzelen;Moers;6.5305555555556;51.615833333333
wie X dass;Adverbial;Degree word; ter zu hundertfünfzig [150], je nachdem wie weit, daß sie können, nicht! Und dann wird das, ;ZW4P1TRA.HTM;Altharlingersiel;Wittmund;7.76;53.686388888889
wie X dass;Adverbial;Degree word;  die (PAUSE) ich weiß nicht, wie hoch daß er ihn eingestellt hat, ich hab zum ;ZW523TRA.HTM;Kork;Kehl;7.871389;48.566944
wie X dass;Adverbial;Degree word;  auch keiner den Preis wissen, wie hoch daß das Königinnenkleid gekommen ist. Und die Schü;ZW6A6TRA.HTM;Lüchtringen;Höxter;9.4275;51.793888888889
wie X dass;Prädikativ;Degree word;  wird, je nach Stärke, nicht, wie dick, daß der Nagel werden soll, wird das Eisen, ;ZW6C2TRA.HTM;Schwei;Wesermarsch;8.355809;53.4027566525
wie X dass;Prädikativ;Degree word; , dann kann man sich denken, wie naß daß das hier bei uns war. Ich habe ;ZW6M1TRA.HTM;Wagenfeld;Grafschaft Diepholz;8.5902777777778;52.546111111111
wie X dass;Prädikativ;Degree word;  Ihr auch sicher wohl wissen, wie alt daß ich bin. Ich bin von dem Jahrgang ;ZW7B0TRA.HTM;Sonsbeck;Moers;6.3769444444444;51.608888888889
wie X dass;Adverbial;Degree word;  rein, dann wußten sie genau, wie lang daß wir unterwegs waren, nicht. Und dann haben ;ZW7C1TRA.HTM;Burhave;Wesermarsch;8.3625;53.574444444444
wie X dass;Adverbial;Degree word; , wir waren sieben Mann, aber wie oft daß wir sind unter unter unter den Straßen ;ZW7C1TRA.HTM;Burhave;Wesermarsch;8.3625;53.574444444444
wie X dass;Prädikativ;Degree word;" , dann muß man just wissen, wie steif, daß das ist und so. S1:&nbsp;Konnte ";ZW7J3TRA.HTM;Debstedt;Wesermünde;8.6391666666667;53.622222222222
wie X dass;Prädikativ;Degree word; , da hat man wunder gemeint, wie reich daß man ist. Aber man hat nichts gehabt. ;ZW7O0TRA.HTM;Waldmühlbach;Mosbach;9.2819444444444;49.360555555556
wie X dass;Adverbial;Degree word;"  sein Bereich- S2:&nbsp;Ja, wie weit daß seins ging, nicht, dann mußte (PAUSE) und ";ZW8F8TRA.HTM;Weißenhaus;Oldenburg;10.766667;54.266667
wie X dass;Prädikativ;Degree word;  vierzig und fünfzig je nachdem wie stark daß der Korb ist, zieht die ab. Und ;ZW8J2TRA.HTM;Lintig;Wesermünde;8.8795166666667;53.603730555556
wie X dass;Prädikativ;Degree word;  verschieden gewesen, nicht: je nachdem wie groß, daß die Genossenschaft ist, wie viele Tierhalter o;ZW972TRA.HTM;Götting;Bad Aibling;11.943888888889;47.864166666667
wie X dass;Prädikativ;Degree word; . Da fragten sie mich denn, wie alt daß ich sei. Na, da habe ich ihnen ;ZW9A4TRA.HTM;Stukenbrock;Paderborn;8.6561111111111;51.9125
wie X dass;Adverbial;Degree word;  heute fünfundsiebzig Jahre alt sind, wie lange daß wir noch leben, wissen wir nicht. Und ;ZW9A4TRA.HTM;Stukenbrock;Paderborn;8.6561111111111;51.9125
wie X dass;Adverbial;Degree word;  dann gefischt. Dann sieht man, wie gut daß man fischt. Wenn man sie alle fischt, ;ZW9E5TRA.HTM;Zentbechhofen;Höchstadt;10.805833;49.705556
wie X dass;Adverbial;Degree word;  und werden da hineinplumpsen lassen, wie lange daß es dauert - der eine hat gezählt. Nun ;ZWB00TRA.HTM;Schweinheim;Aschaffenburg;9.16;49.9625
wie X dass;Prädikativ;Degree word;  wenn man das so beobachtet, wie fein daß denen ihr Gehörorgan , oder Gefühlsvermögen, w;ZWC18TRA.HTM;Stephanskirchen;Rosenheim;12.186111111111;47.854444444444
wie X dass;Prädikativ;Degree word;  jetzt Garsch, also Gars. Aber wie weit, daß das zurück ist, weiß ich nicht. S1:&;ZWD21TRA.HTM;Gars;Wasserburg am Inn;12.274722;4.815500
wie X dass;Prädikativ;Degree word;" 2:&nbsp;Ja, Ihr wollt wissen wie alt daß ich bin. - Das werde ich Euch gleich ";ZWG03TRA.HTM;Rhodt;Landau;8.1080555555556;49.272777777778
wie X dass;Adverbial;Degree word;  ist, man hatte sofort gemerkt wie dumm daß sie geschwätzt hatten und sie hinterher auch, ;ZWH38TRA.HTM;Rohrbach;St. Ingbert;7.161111;49.283333
wie X dass;Prädikativ;Degree word; , vierzehn, achtzehn Pfund, je nachdem wie alt daß sie sind. Wenn man sie stehen läßt - ;ZWK44TRA.HTM;Wiesau;Tirschenreuth;12.184166666667;49.908055555556
wie X dass;Adverbial;Degree word; , aber jetzt merkt man erst, wie schön daß wir's dort gehabt haben in der ;ZWL32TRA.HTM;Wörth an der Isar;Landshut;12.332777777778;48.624444444444
wie X dass;Adverbial;Degree word; , es richtet sich ganz danach, wie lange daß gedroschen wird, nicht, dann wird was gegessen;ZWL98TRA.HTM;Mardorf;Neustadt am Rübenberge;9.289167;52.488056
wie X dass;Prädikativ;Degree word;  bis auf zwei je nachdem wie groß daß die Scheuer war und ist das ausgebreitet ;ZWR43TRA.HTM;Etzean;Erbach;8.9675;49.588055555556
wie X dass;Prädikativ;Degree word;  lag es auch da dran, wie weit daß es war. Ich will mal sagen, damals ;ZWS08TRA.HTM;St. Mauritz;Münster;7.6722222222222;51.9625
wie X dass;Prädikativ;Degree word;  und danach können die feststellen , wie alt daß das ist. Wenn man die Kerle da ;ZWS11TRA.HTM;Laer;Steinfurt;7.3569444444444;52.054722222222
wie X dass;Prädikativ;Degree word;  aufeinander pressen] kann, je nachdem, wie fein daß man das haben will. Nun muß allerdings ;ZWS46TRA.HTM;Raesfeld;Borken;6.8333333333333;51.766666666667
wie X dass;Adverbial;Degree word; , seitdem weiß ich ganz genau, wie rasch daß das geht, und wie groß die Hitze ;ZWT59TRA.HTM;Oldendorf;Melle;8.3175;52.239444
wie X dass;Prädikativ;Degree word;  stehen und sich das angucken, wie fleißig, daß die sind und, und schaffen und so ;ZWV07TRA.HTM;Warmsen;Nienburg;8.8508333333333;52.454722222222
wie X dass;Prädikativ;Degree word; , damit du erst mal wußtest, wie schwer daß das war, das Geld zu verdienen. Dann ;ZWV33TRA.HTM;Bösingfeld;Lemgo;9.1255555555556;52.067777777778
wie X dass;Prädikativ;Degree word;  dann auf den Wagen laden, wie fest daß der Mist sitzt, das weiß der hundertste ;ZWV62TRA.HTM;Beelen;Warendorf;8.1180555555556;51.929166666667
wie X dass;Prädikativ;Degree word;  raus. Kommt ganz drauf an, wie gross dass es ist. Wirds raus gelangt, kriegts den ;ZWW88TRA.HTM;Berfa;Ziegenhain;9.3575;50.774167
wie X dass;Adverbial;Degree word; , Uhre (PAUSE) ja je nachdem, wie lang daß sie (PAUSE) wie lang, daß sie haben, ;ZWW91TRA.HTM;Wetzlos;Hünfeld;9.63;50.758611111111
wie X dass;Adverbial;Degree word; , wie lang daß sie (PAUSE) wie lang, daß sie haben, daß sie die Erlaubnis haben, ;ZWW91TRA.HTM;Wetzlos;Hünfeld;9.63;50.758611111111
wie X dass;Prädikativ;Degree word;  nun so die Zeit hingehen, wie lange, daß man nun noch wird da sein. Das ;ZWX02TRA.HTM;Soisdorf;Hünfeld;9.8961111111111;50.765277777778
wie X dass;Prädikativ;Degree word;"  drei reingesteckt, je nach dem wie groß, daß die Reihe war. S1:&nbsp;Dieses Haus ";ZWY23TRA.HTM;Borgfeld;Bremen;8.9069444444444;53.126111111111
wie X dass;Prädikativ;Degree word; , wie das alles ist, und wie schwer daß das war. Und wie langsam daß das ;ZWZ46TRA.HTM;Schönlind;Wunsiedel;12.026173;50.06675
wie X dass;Adverbial;Degree word;  schwer daß das war. Und wie langsam daß das alles gegangen ist. Das Spinnen und ;ZWZ46TRA.HTM;Schönlind;Wunsiedel;12.026173;50.06675
wie X dass;Adverbial;Degree word; ) dann müssen wir halt schauen, wie lange daß es mit einem noch dauert. Und nachher ;ZWZ60TRA.HTM;Eschenfelden;Sulzbach;11.536944444444;49.556944444444
wieviel dass;Objekt;Degree word;" ;Jetzt zum Schluß tät mich interessieren, wieviel daß so ein Markgräfler Kellermeister, wieviel daß ";ZW079TRA.HTM;Efringen-Kirchen;Lörrach;7.5658333333333;47.655555555556
wieviel dass;Objekt;Degree word; iel daß so ein Markgräfler Kellermeister, wieviel daß er trinkt am Tag, in Vierteli ausgedrückt. ;ZW079TRA.HTM;Efringen-Kirchen;Lörrach;7.5658333333333;47.655555555556
wieviel dass;Objekt;Degree word;  man's halt zusammen im Monat wieviel daß es gelegt hat, und dann im Jahr ;ZW463TRA.HTM;Öflingen;Säckingen;7.9041666666667;47.633055555556
wieviel dass;Objekt;Degree word;"  Bestandteil S3:&nbsp;Ja und weißt', wieviel daß wir heut' noch haben davon? S2:&nbsp;(";ZW578TRA.HTM;Au am Rhein;Karlsruhe;8.2363888888889;48.951388888889
wieviel dass;Subjekt;Degree word;"  das mußte wohl genau berechnet werden, wieviel daß da reinkam. S2:&nbsp;Ja das war ";ZW7F8TRA.HTM;Lutterbek;Plön;10.2766;54.3912
wieviel dass;Objekt;Degree word;  viel sein. Ich weiß es nicht, wieviel daß sie heute für einen Dachsbalg zahlen. ;ZWB93TRA.HTM;Kammer;Traunstein;12.651667;47.923889
wieviel dass;unklar;Degree word;  - was [daß] ein jeder da ist, wieviel daß - gar keine Schwierigkeiten gegeben, na sind w;ZWE54TRA.HTM;Weltenburg;Kelheim;11.819722222222;48.898888888889
wieviel dass;unklar;Degree word; es) Krankenhaus, und nachher, weiß nicht, wieviel daß sie - fünftausend Liter, Hektoliter glaub ich,;ZWE54TRA.HTM;Weltenburg;Kelheim;11.819722222222;48.898888888889
wieviel dass;Objekt;Degree word; Kind eine tüchtige Weckpuppe, je nachdem, wieviel daß die Bauern gespendet haben, so fallen auch ;ZWQ39TRA.HTM;Berrendorf;Bergheim;6.5872222222222;50.926111111111
wieviel dass;Objekt;Degree word;" ? S2:&nbsp;No no - ach woher, wieviel daß sich halt finden. Es kommt darauf an. ";ZWZ53TRA.HTM;Neunkirchen;Bayreuth;11.647222;49.922778
wieviel X dass;Subjekt;Degree word;  ja schon gewußt, wie viele Person[en] daß kommen, na und da hat jedes seine ;ZWB35TRA.HTM;Frammersbach;Lohr am Main;9.4666666666667;50.066666666667
wieviel X dass;Adverbial;Degree word;"  die Sortiererei, wieviel Stunden in der Nacht daß man da muß sortieren! S1:&nbsp;Ich ";ZW533TRA.HTM;Rheinbischofsheim;Kehl;7.927891;48.651822
wieviel X dass;Objekt;Degree word;  ist, ist jeder gefragt worden, wieviel Festmeter daß er hat von jeder Holzart, dann ab ;ZW548TRA.HTM;Gamshurst;Bühl;8.0188888888889;48.664722222222
wieviel X dass;Objekt;Degree word;"  die vierzehn Tage rum sind, wieviel Geld daß wir bekommen könnten. S4:&nbsp;Und dann ";ZW565TRA.HTM;Halberstung;Bühl;8.1669444444444;48.761944444444
wieviel X dass;Subjekt;Degree word; nn die Sandblätter, Mittelgut. Und wieviel Flüche daß da fallen, wo es da immer kracht ;ZW618TRA.HTM;Kronau;Bruchsal;8.6338888888889;49.22
wieviel X dass;unklar;Degree word; , ich weiß nicht wieviel, wieviel tausend Tonnen daß sie noch von (PAUSE) irgend von andern ;ZW6G4TRA.HTM;Unterwiddersheim;Büdingen;8.917108;50.429711
wieviel X dass;Objekt;Degree word;  Frauen, die auf Tagelohn gehen, wieviel Eier daß sie heute kaufen können für das Geld ;ZW8K8TRA.HTM;Kallenbrock;Uelzen;10.573414;52.867902
wieviel X dass;Objekt;Degree word;  Geld was sie verdienen und wieviel Brot daß sie heute kaufen können, was sie verdienen ;ZW8K8TRA.HTM;Kallenbrock;Uelzen;10.573414;52.867902
wieviel X dass;Subjekt;Degree word;"  ist, wie viele Tierhalter oder wieviel Vieh daß es waren, nicht. S1:&nbsp;Und wahrscheinlich ";ZW972TRA.HTM;Götting;Bad Aibling;11.943888888889;47.864166666667
wieviel X dass;Prädikativ;Degree word;" ;Ja, ich bin ja gespannt, wie viele daß es werden. Ich muß schon sagen, wie ";ZWB68TRA.HTM;Freising;Freising;11.748888888889;48.402777777778
wieviel X dass;Subjekt;Degree word; , dann weiß man es schon, wieviel Arbeit daß an einem ist. Keine Magd habe ich ;ZWC01TRA.HTM;Ramsau;Berchtesgaden;12.896389;47.6075
wieviel X dass;Subjekt;Degree word; flicht, nicht. Das muß festgelegt werden, wieviel daß alles zu schießen ist, nicht. So kommen ;ZWC18TRA.HTM;Stephanskirchen;Rosenheim;12.186111111111;47.854444444444
wieviel X dass;Prädikativ;Degree word;  doch einmal hinausschauen, wie viele Wurstsachen daß da noch draußen sind, gelt. Jetzt ist ;ZWC37TRA.HTM;Niedersüßbach;Mainburg;11.966001;48.602445
wieviel X dass;Prädikativ;Degree word;  neunzig Häuser gehabt. Ich weiß nicht, wieviel daß es jetzt sind. Das weiß ich gar ;ZWC49TRA.HTM;Dietfurt;Riedenburg;11.583333;49.033333
wieviel X dass;Prädikativ;Degree word; . Das kommt drauf an, wie viele Partien daß das sind. Ich habe da so, wenn ;ZWD22TRA.HTM;Gars;Wasserburg am Inn;12.274722;4.815500
wieviel X dass;Prädikativ;Degree word; , wie viele Dezimale oder wie viel Ar daß es sind, und fangen da an zu ;ZWG02TRA.HTM;Rhodt;Landau;8.1080555555556;49.272777777778
wieviel X dass;Objekt;Degree word;  und Urgroßväter und wer weiß wie viele daß sie schon aufgetakelt haben, jetzt kann ich ;ZWJ66TRA.HTM;Altershausen;Hofheim;10.593781;50.059603
wieviel X dass;Prädikativ;Degree word; icht so richtig danach gefragt, wieviel Kilometer daß das sind. Na ja, wir müssen hinaufwärts ;ZWK26TRA.HTM;Neuses;Hofheim;10.5222;50.2145
wieviel X dass;Objekt;Degree word;  da gut drauf. Je nachdem wieviel Pferde daß er hatte, auch länger. Ja, und das ;ZWU33TRA.HTM;Eslohe;;8.1747222222222;51.257222222222
wieviel X dass;Prädikativ;Degree word; g mit zugetan und durchgeschaut, wieviel Prozente daß das waren. Na und die wurden dann ;ZWU79TRA.HTM;Talle;Lemgo;8.9065861702778;52.096461503333
wieviel X dass;Prädikativ;Degree word; , sechs Meter groß, je nachdem, wieviel Mann daß da waren. Wenn da fünf Mann waren, ;ZWV03TRA.HTM;Windheim;Minden;9.015278;52.413056
wieviel X dass;Prädikativ;Degree word;  nach dem Takt. Je nachdem, wieviel Leute, daß da waren, drei Mann oder vier M/, ;ZWY52TRA.HTM;Bonstorf;Celle;10.048333333333;52.861944444444
